match_id,data_previsao,data_hora_jogo,team1_nome,team2_nome,elo_team1,elo_team2,formato,prob1_modelo1,prob1_modelo2,prob1_modelo3,vencedor_previsto_modelo1,vencedor_previsto_modelo2,vencedor_previsto_modelo3,resultado_real,acertou_modelo1,acertou_modelo2,acertou_modelo3
2397313,2026-09-02 13:40:01.014719,2026-09-02 13:40:00+01:00,DENDELE,EYEBALLERS,1487,1510,bo3,0.46829343681914565,0.4599917618919698,0.45310497283935547,EYEBALLERS,EYEBALLERS,EYEBALLERS,,,,
2397317,2026-09-02 13:40:01.014933,2026-09-02 16:00:00+01:00,3DMAX,MIBR,1445,1459,bo3,0.4793930961742861,0.47174245545211824,0.5032921433448792,MIBR,MIBR,3DMAX,,,,
2397315,2026-09-02 13:40:01.015096,2026-09-02 16:00:00+01:00,HEROIC,Eternal Fire,1411,1636,bo3,0.21556566454631293,0.24771382065621694,0.2886403799057007,Eternal Fire,Eternal Fire,Eternal Fire,,,,
2397413,2026-09-02 13:40:01.015245,2026-09-03 12:30:00+01:00,FOKUS,SINNERS,1504,1445,bo3,0.584466362917432,0.5356267213846515,0.5318384170532227,FOKUS,FOKUS,FOKUS,,,,
2397414,2026-09-02 13:40:01.015396,2026-09-03 15:30:00+01:00,Ninjas in Pyjamas,Sangal,1434,1513,bo3,0.3887537162406243,0.4057681925883551,0.38568681478500366,Sangal,Sangal,Sangal,,,,
2397415,2026-09-02 13:40:01.015640,2026-09-03 18:30:00+01:00,Virtus.pro,fnatic,1455,1407,bo3,0.5677243446673969,0.5677777050186629,0.5387088060379028,Virtus.pro,Virtus.pro,Virtus.pro,,,,
2397417,2026-09-02 13:40:01.015895,2026-09-04 12:30:00+01:00,HOTU,Eternal Fire,1475,1636,bo3,0.2841639184883002,0.3152599899570728,0.36011815071105957,Eternal Fire,Eternal Fire,Eternal Fire,,,,
2396947,2026-09-02 13:40:01.016055,2026-09-04 15:00:00+01:00,Falcons,G2,1825,1645,bo3,0.7391148244614921,0.6663296544898576,0.6502575874328613,Falcons,Falcons,Falcons,,,,
2396948,2026-09-02 13:40:01.016205,2026-09-04 18:30:00+01:00,FURIA,Vitality,1702,1801,bo3,0.36168994533655485,0.3446190865026038,0.3557666540145874,Vitality,Vitality,Vitality,,,,
